<?xml version="1.0" encoding="UTF-8"?>
<launch4jConfig>
  <dontWrapJar>false</dontWrapJar>
  <headerType>gui</headerType>
  <jar>C:\Users\Hossam Zakaria\Documents\NetBeansProjects\MonteCarloProj\dist\MonteCarloProj.jar</jar>
  <outfile>C:\Users\Hossam Zakaria\Desktop\LastTry\MonteCarlo.exe</outfile>
  <errTitle></errTitle>
  <cmdLine></cmdLine>
  <chdir></chdir>
  <priority>normal</priority>
  <downloadUrl>http://java.com/download</downloadUrl>
  <supportUrl></supportUrl>
  <stayAlive>false</stayAlive>
  <restartOnCrash>false</restartOnCrash>
  <manifest></manifest>
  <icon>C:\Users\Hossam Zakaria\Desktop\MonteIcon.ico.ico</icon>
  <singleInstance>
    <mutexName>MonteCarlo</mutexName>
    <windowTitle></windowTitle>
  </singleInstance>
  <jre>
    <path></path>
    <bundledJre64Bit>false</bundledJre64Bit>
    <bundledJreAsFallback>false</bundledJreAsFallback>
    <minVersion>1.0.1</minVersion>
    <maxVersion></maxVersion>
    <jdkPreference>preferJre</jdkPreference>
    <runtimeBits>64/32</runtimeBits>
  </jre>
</launch4jConfig>